[
  {
    "platform" : "ANDROID_ARM",
    "searchTime" : "2020-07-06T17:01:46.881Z[UTC]",
    "searchQuery" : "Jim",
    "searchInteractionURIs" : [
      "spotify:artist:1R6Hx1tJ2VOUyodEpC12xM"
    ]
  },
  {
    "platform" : "ANDROID_ARM",
    "searchTime" : "2020-07-06T20:17:20.465Z[UTC]",
    "searchQuery" : "moun",
    "searchInteractionURIs" : [
    ]
  },
  {
    "platform" : "ANDROID_ARM",
    "searchTime" : "2020-07-12T18:00:19.836Z[UTC]",
    "searchQuery" : "astronaught",
    "searchInteractionURIs" : [
      "spotify:track:3q5Zm5NnYcpXKLNmTO1tyo",
      ""
    ]
  },
  {
    "platform" : "ANDROID_ARM",
    "searchTime" : "2020-07-13T13:53:54.814Z[UTC]",
    "searchQuery" : "hohn",
    "searchInteractionURIs" : [
      ""
    ]
  },
  {
    "platform" : "ANDROID_ARM",
    "searchTime" : "2020-07-13T13:53:58.700Z[UTC]",
    "searchQuery" : "john cr",
    "searchInteractionURIs" : [
      "spotify:artist:7ytgyYmtUPfxXHsXEvgObK"
    ]
  },
  {
    "platform" : "ANDROID_ARM",
    "searchTime" : "2020-07-13T15:00:52.906Z[UTC]",
    "searchQuery" : "Nashville",
    "searchInteractionURIs" : [
      "spotify:album:5WBx64FIN04CvM2T1MGrUN"
    ]
  },
  {
    "platform" : "ANDROID_ARM",
    "searchTime" : "2020-07-19T23:18:22.528Z[UTC]",
    "searchQuery" : "sail",
    "searchInteractionURIs" : [
      "spotify:track:5xhQChGGhKLWqBqX4XhtYE",
      "spotify:track:5xhQChGGhKLWqBqX4XhtYE",
      ""
    ]
  },
  {
    "platform" : "ANDROID_ARM",
    "searchTime" : "2020-07-22T02:04:50.959Z[UTC]",
    "searchQuery" : "training bet",
    "searchInteractionURIs" : [
      "spotify:show:7tx1NJfgmoHsUhY2tTIjd9",
      ""
    ]
  },
  {
    "platform" : "ANDROID_ARM",
    "searchTime" : "2020-07-27T20:38:45.441Z[UTC]",
    "searchQuery" : "gone blak",
    "searchInteractionURIs" : [
      "spotify:track:6sHxpnCerm9M6A5zaFFNfs",
      ""
    ]
  },
  {
    "platform" : "ANDROID_ARM",
    "searchTime" : "2020-07-28T14:47:11.126Z[UTC]",
    "searchQuery" : "brilliant idiots",
    "searchInteractionURIs" : [
      "spotify:show:63SCSYF3vNyGpv1SwhNyhW"
    ]
  },
  {
    "platform" : "ANDROID_ARM",
    "searchTime" : "2020-07-31T06:39:06.802Z[UTC]",
    "searchQuery" : "the head",
    "searchInteractionURIs" : [
      "spotify:artist:0n94vC3S9c3mb2HyNAOcjg"
    ]
  },
  {
    "platform" : "DESKTOP",
    "searchTime" : "2020-07-31T19:37:03.419Z[UTC]",
    "searchQuery" : "LED ZEP",
    "searchInteractionURIs" : [
      "spotify:artist:36QJpDe2go2KgaRleHCDTp"
    ]
  },
  {
    "platform" : "DESKTOP",
    "searchTime" : "2020-07-31T20:46:59.586Z[UTC]",
    "searchQuery" : "programming",
    "searchInteractionURIs" : [
      "spotify:playlist:5Uulh7HBve8RJbJPsteXsm"
    ]
  },
  {
    "platform" : "DESKTOP",
    "searchTime" : "2020-07-31T22:50:10.682Z[UTC]",
    "searchQuery" : "across",
    "searchInteractionURIs" : [
      "spotify:track:4dkoqJrP0L8FXftrMZongF"
    ]
  },
  {
    "platform" : "DESKTOP",
    "searchTime" : "2020-08-01T00:39:29.011Z[UTC]",
    "searchQuery" : "wilco",
    "searchInteractionURIs" : [
      "spotify:artist:2QoU3awHVdcHS8LrZEKvSM"
    ]
  },
  {
    "platform" : "DESKTOP",
    "searchTime" : "2020-08-01T00:39:42.887Z[UTC]",
    "searchQuery" : "wilco hotel",
    "searchInteractionURIs" : [
      "spotify:album:0rPtXOMN42nsLDiShvGamv",
      "spotify:album:0rPtXOMN42nsLDiShvGamv"
    ]
  },
  {
    "platform" : "DESKTOP",
    "searchTime" : "2020-08-01T01:03:13.935Z[UTC]",
    "searchQuery" : "fleet f",
    "searchInteractionURIs" : [
      "spotify:artist:4EVpmkEwrLYEg6jIsiPMIb"
    ]
  },
  {
    "platform" : "DESKTOP",
    "searchTime" : "2020-08-01T01:26:22.685Z[UTC]",
    "searchQuery" : "led",
    "searchInteractionURIs" : [
      "spotify:artist:36QJpDe2go2KgaRleHCDTp"
    ]
  },
  {
    "platform" : "ANDROID_ARM",
    "searchTime" : "2020-08-01T16:58:51.352Z[UTC]",
    "searchQuery" : "wilco",
    "searchInteractionURIs" : [
      "spotify:artist:2QoU3awHVdcHS8LrZEKvSM"
    ]
  },
  {
    "platform" : "ANDROID_ARM",
    "searchTime" : "2020-08-01T23:32:30.467Z[UTC]",
    "searchQuery" : "wilco",
    "searchInteractionURIs" : [
      "spotify:artist:2QoU3awHVdcHS8LrZEKvSM"
    ]
  },
  {
    "platform" : "ANDROID_ARM",
    "searchTime" : "2020-08-02T04:05:55.022Z[UTC]",
    "searchQuery" : "rex oran",
    "searchInteractionURIs" : [
      "spotify:artist:7pbDxGE6nQSZVfiFdq9lOL"
    ]
  },
  {
    "platform" : "DESKTOP",
    "searchTime" : "2020-08-02T21:37:08.890Z[UTC]",
    "searchQuery" : "besamo",
    "searchInteractionURIs" : [
      "spotify:track:5WHnE8MsLFHqSUwecrs7WO"
    ]
  },
  {
    "platform" : "DESKTOP",
    "searchTime" : "2020-08-02T23:11:02.976Z[UTC]",
    "searchQuery" : "post",
    "searchInteractionURIs" : [
      "spotify:artist:246dkjvS1zLTtiykXe5h60"
    ]
  },
  {
    "platform" : "DESKTOP",
    "searchTime" : "2020-08-03T23:46:56.738Z[UTC]",
    "searchQuery" : "yukal",
    "searchInteractionURIs" : [
      "spotify:playlist:3j9saBHlYRzAftzVxu9QlY"
    ]
  },
  {
    "platform" : "DESKTOP",
    "searchTime" : "2020-08-03T23:47:32.936Z[UTC]",
    "searchQuery" : "yukel",
    "searchInteractionURIs" : [
      "spotify:playlist:7KLk8h8bcZdHJBJJ2s3gpE"
    ]
  },
  {
    "platform" : "DESKTOP",
    "searchTime" : "2020-08-03T23:47:52.673Z[UTC]",
    "searchQuery" : "ukelele",
    "searchInteractionURIs" : [
      "spotify:playlist:5DTydhg2g2oasRdgpbQY8r"
    ]
  },
  {
    "platform" : "DESKTOP",
    "searchTime" : "2020-08-04T13:18:40.739Z[UTC]",
    "searchQuery" : "ukelele",
    "searchInteractionURIs" : [
    ]
  },
  {
    "platform" : "DESKTOP",
    "searchTime" : "2020-08-04T15:49:35.241Z[UTC]",
    "searchQuery" : "acros",
    "searchInteractionURIs" : [
      "spotify:track:4dkoqJrP0L8FXftrMZongF"
    ]
  },
  {
    "platform" : "DESKTOP",
    "searchTime" : "2020-08-04T21:58:52.298Z[UTC]",
    "searchQuery" : "acros",
    "searchInteractionURIs" : [
    ]
  },
  {
    "platform" : "DESKTOP",
    "searchTime" : "2020-08-04T22:31:39.543Z[UTC]",
    "searchQuery" : "madvill",
    "searchInteractionURIs" : [
      "spotify:artist:2aoFQUeHD1U7pL098lRsDU"
    ]
  },
  {
    "platform" : "DESKTOP",
    "searchTime" : "2020-08-05T17:17:37.506Z[UTC]",
    "searchQuery" : "jim cr",
    "searchInteractionURIs" : [
      "spotify:artist:1R6Hx1tJ2VOUyodEpC12xM"
    ]
  },
  {
    "platform" : "DESKTOP",
    "searchTime" : "2020-08-05T19:41:35.903Z[UTC]",
    "searchQuery" : "jim cr",
    "searchInteractionURIs" : [
    ]
  },
  {
    "platform" : "DESKTOP",
    "searchTime" : "2020-08-05T19:41:36.924Z[UTC]",
    "searchQuery" : "hendrix in",
    "searchInteractionURIs" : [
      "spotify:album:0C9zGX5oAjQ87jkSlzXOz1"
    ]
  },
  {
    "platform" : "DESKTOP",
    "searchTime" : "2020-08-05T19:42:15.880Z[UTC]",
    "searchQuery" : "birds if fire",
    "searchInteractionURIs" : [
      "spotify:track:0dCbhZ6jVeSLJ0of5wf2hm"
    ]
  },
  {
    "platform" : "DESKTOP",
    "searchTime" : "2020-08-06T15:25:32.330Z[UTC]",
    "searchQuery" : "lof",
    "searchInteractionURIs" : [
      "spotify:playlist:0vvXsWCC9xrXsKd4FyS8kM"
    ]
  },
  {
    "platform" : "DESKTOP",
    "searchTime" : "2020-08-07T02:29:36.139Z[UTC]",
    "searchQuery" : "willin",
    "searchInteractionURIs" : [
      "spotify:track:0jMyU6bO52IYhAEoWbT4K9"
    ]
  },
  {
    "platform" : "DESKTOP",
    "searchTime" : "2020-08-07T14:25:41.788Z[UTC]",
    "searchQuery" : "willin",
    "searchInteractionURIs" : [
    ]
  },
  {
    "platform" : "DESKTOP",
    "searchTime" : "2020-08-07T17:48:48.444Z[UTC]",
    "searchQuery" : "beach fossils",
    "searchInteractionURIs" : [
      "spotify:artist:1bwUhKRmEkOZ1wuTnV9XjC"
    ]
  },
  {
    "platform" : "DESKTOP",
    "searchTime" : "2020-08-08T22:59:40.751Z[UTC]",
    "searchQuery" : "acr",
    "searchInteractionURIs" : [
      "spotify:track:4dkoqJrP0L8FXftrMZongF",
      "spotify:track:4dkoqJrP0L8FXftrMZongF"
    ]
  },
  {
    "platform" : "ANDROID_ARM",
    "searchTime" : "2020-08-09T01:22:23.762Z[UTC]",
    "searchQuery" : "ty ",
    "searchInteractionURIs" : [
      "spotify:artist:58XGUNsRNu3cVOIOYk5chx"
    ]
  },
  {
    "platform" : "DESKTOP",
    "searchTime" : "2020-08-09T16:10:47.742Z[UTC]",
    "searchQuery" : "soc",
    "searchInteractionURIs" : [
    ]
  },
  {
    "platform" : "DESKTOP",
    "searchTime" : "2020-08-09T22:20:57.697Z[UTC]",
    "searchQuery" : "pear",
    "searchInteractionURIs" : [
      "spotify:album:5B4PYA7wNN4WdEXdIJu58a"
    ]
  },
  {
    "platform" : "DESKTOP",
    "searchTime" : "2020-08-11T19:18:35.960Z[UTC]",
    "searchQuery" : "audio",
    "searchInteractionURIs" : [
      "spotify:artist:2ziB7fzrXBoh1HUPS6sVFn"
    ]
  },
  {
    "platform" : "ANDROID_ARM",
    "searchTime" : "2020-08-13T23:26:29.357Z[UTC]",
    "searchQuery" : "John c",
    "searchInteractionURIs" : [
      "spotify:artist:7ytgyYmtUPfxXHsXEvgObK"
    ]
  },
  {
    "platform" : "ANDROID_ARM",
    "searchTime" : "2020-08-14T02:36:46.075Z[UTC]",
    "searchQuery" : "pear",
    "searchInteractionURIs" : [
      "spotify:artist:1w5Kfo2jwwIPruYS2UWh56"
    ]
  },
  {
    "platform" : "ANDROID_ARM",
    "searchTime" : "2020-08-16T00:53:07.546Z[UTC]",
    "searchQuery" : "tra",
    "searchInteractionURIs" : [
      "spotify:artist:0Y5tJX1MQlPlqiwlOH1tJY"
    ]
  },
  {
    "platform" : "ANDROID_ARM",
    "searchTime" : "2020-08-17T20:22:24.460Z[UTC]",
    "searchQuery" : "frank",
    "searchInteractionURIs" : [
      "spotify:artist:1Mxqyy3pSjf8kZZL4QVxS0"
    ]
  },
  {
    "platform" : "ANDROID_ARM",
    "searchTime" : "2020-08-17T20:22:33.005Z[UTC]",
    "searchQuery" : "frank sin",
    "searchInteractionURIs" : [
      "spotify:search:playlists:frank%20sin"
    ]
  },
  {
    "platform" : "ANDROID_ARM",
    "searchTime" : "2020-08-17T20:22:36.351Z[UTC]",
    "searchQuery" : "frank sin",
    "searchInteractionURIs" : [
      "spotify:playlist:37i9dQZF1DX4H3NUOwVLXj"
    ]
  },
  {
    "platform" : "ANDROID_ARM",
    "searchTime" : "2020-08-22T23:49:47.528Z[UTC]",
    "searchQuery" : "m. w",
    "searchInteractionURIs" : [
      "spotify:artist:6nXSnNEdLuKTzAQozRtqiI"
    ]
  },
  {
    "platform" : "ANDROID_ARM",
    "searchTime" : "2020-08-23T00:26:19.189Z[UTC]",
    "searchQuery" : "rec",
    "searchInteractionURIs" : [
      "spotify:track:56Z7hbyMrndw1naxb6I5Oi"
    ]
  },
  {
    "platform" : "ANDROID_ARM",
    "searchTime" : "2020-08-23T00:26:21.990Z[UTC]",
    "searchQuery" : "rex",
    "searchInteractionURIs" : [
      "spotify:artist:7pbDxGE6nQSZVfiFdq9lOL"
    ]
  },
  {
    "platform" : "ANDROID_ARM",
    "searchTime" : "2020-08-24T23:41:37.621Z[UTC]",
    "searchQuery" : "the ve",
    "searchInteractionURIs" : [
      "spotify:artist:1nJvji2KIlWSseXRSlNYsC"
    ]
  },
  {
    "platform" : "DESKTOP",
    "searchTime" : "2020-08-26T02:03:30.258Z[UTC]",
    "searchQuery" : "across",
    "searchInteractionURIs" : [
      "spotify:track:4dkoqJrP0L8FXftrMZongF"
    ]
  },
  {
    "platform" : "DESKTOP",
    "searchTime" : "2020-08-26T02:12:41.124Z[UTC]",
    "searchQuery" : "hallelujah",
    "searchInteractionURIs" : [
      "spotify:track:7yzbimr8WVyAtBX3Eg6UL9",
      "spotify:track:2u6fRGcaBhpI4uNBHpGv0b"
    ]
  },
  {
    "platform" : "DESKTOP",
    "searchTime" : "2020-08-26T19:16:36.575Z[UTC]",
    "searchQuery" : "lex fr",
    "searchInteractionURIs" : [
      "spotify:show:2MAi0BvDc6GTFvKFPXnkCL"
    ]
  },
  {
    "platform" : "ANDROID_ARM",
    "searchTime" : "2020-08-26T22:38:35.107Z[UTC]",
    "searchQuery" : "mac miller",
    "searchInteractionURIs" : [
      "spotify:artist:4LLpKhyESsyAXpc4laK94U"
    ]
  },
  {
    "platform" : "ANDROID_ARM",
    "searchTime" : "2020-08-26T22:40:02.260Z[UTC]",
    "searchQuery" : "mac miller.",
    "searchInteractionURIs" : [
    ]
  },
  {
    "platform" : "ANDROID_ARM",
    "searchTime" : "2020-08-26T23:00:40.654Z[UTC]",
    "searchQuery" : "lex fri",
    "searchInteractionURIs" : [
      "spotify:show:2MAi0BvDc6GTFvKFPXnkCL"
    ]
  },
  {
    "platform" : "ANDROID_ARM",
    "searchTime" : "2020-08-27T15:41:28.245Z[UTC]",
    "searchQuery" : "amy",
    "searchInteractionURIs" : [
      "spotify:artist:6Q192DXotxtaysaqNPy5yR"
    ]
  },
  {
    "platform" : "ANDROID_ARM",
    "searchTime" : "2020-08-27T21:28:41.693Z[UTC]",
    "searchQuery" : "best if mac mi",
    "searchInteractionURIs" : [
      "spotify:playlist:6szzczC5majlxD0BpGD8PF"
    ]
  },
  {
    "platform" : "ANDROID_ARM",
    "searchTime" : "2020-08-28T00:40:28.696Z[UTC]",
    "searchQuery" : "alien mac",
    "searchInteractionURIs" : [
    ]
  },
  {
    "platform" : "ANDROID_ARM",
    "searchTime" : "2020-08-28T00:41:04.877Z[UTC]",
    "searchQuery" : "alien ",
    "searchInteractionURIs" : [
      ""
    ]
  },
  {
    "platform" : "ANDROID_ARM",
    "searchTime" : "2020-08-28T00:41:07.273Z[UTC]",
    "searchQuery" : "macadelic",
    "searchInteractionURIs" : [
      "spotify:album:7nVdkG4gZZxB1I1RLN27fJ"
    ]
  },
  {
    "platform" : "DESKTOP",
    "searchTime" : "2020-08-28T01:21:59.157Z[UTC]",
    "searchQuery" : "code-fi",
    "searchInteractionURIs" : [
      "spotify:playlist:3vXUEGi4ip1EhI9OtdgdCy"
    ]
  },
  {
    "platform" : "DESKTOP",
    "searchTime" : "2020-08-29T17:52:14.183Z[UTC]",
    "searchQuery" : "coding",
    "searchInteractionURIs" : [
      "spotify:playlist:2GI6wbTjS4M4QHN8PbsIr0"
    ]
  },
  {
    "platform" : "DESKTOP",
    "searchTime" : "2020-08-29T17:52:38.121Z[UTC]",
    "searchQuery" : "code mus",
    "searchInteractionURIs" : [
      "spotify:playlist:3ehJgRRU80PDPbfHh71Vra"
    ]
  },
  {
    "platform" : "ANDROID_ARM",
    "searchTime" : "2020-08-30T20:06:45.858Z[UTC]",
    "searchQuery" : "hous",
    "searchInteractionURIs" : [
      ""
    ]
  },
  {
    "platform" : "ANDROID_ARM",
    "searchTime" : "2020-09-01T02:25:43.197Z[UTC]",
    "searchQuery" : "tondo",
    "searchInteractionURIs" : [
      "spotify:track:23PIMIlFx1FeiCmmIf1RgZ"
    ]
  },
  {
    "platform" : "DESKTOP",
    "searchTime" : "2020-09-02T03:15:48.159Z[UTC]",
    "searchQuery" : "blueworld",
    "searchInteractionURIs" : [
      "spotify:track:2hwOoMtWPtTSSn6WHV7Vp5"
    ]
  },
  {
    "platform" : "DESKTOP",
    "searchTime" : "2020-09-03T03:09:52.446Z[UTC]",
    "searchQuery" : "king kru",
    "searchInteractionURIs" : [
      "spotify:artist:4wyNyxs74Ux8UIDopNjIai"
    ]
  },
  {
    "platform" : "DESKTOP",
    "searchTime" : "2020-09-03T03:13:34.598Z[UTC]",
    "searchQuery" : "action br",
    "searchInteractionURIs" : [
      "spotify:artist:7BMccF0hQFBpP6417k1OtQ"
    ]
  },
  {
    "platform" : "DESKTOP",
    "searchTime" : "2020-09-03T18:45:49.663Z[UTC]",
    "searchQuery" : "behtov",
    "searchInteractionURIs" : [
      "spotify:artist:2wOqMjp9TyABvtHdOSOTUS"
    ]
  },
  {
    "platform" : "ANDROID_ARM",
    "searchTime" : "2020-09-03T19:43:12.510Z[UTC]",
    "searchQuery" : "disc",
    "searchInteractionURIs" : [
      "spotify:artist:6nS5roXSAGhTGr34W6n7Et"
    ]
  },
  {
    "platform" : "ANDROID_ARM",
    "searchTime" : "2020-09-04T01:53:30.808Z[UTC]",
    "searchQuery" : "pyra",
    "searchInteractionURIs" : [
      "spotify:track:4QhWbupniDd44EDtnh2bFJ",
      "spotify:playlist:7eyfWgvZEM4WnU68oFak8f"
    ]
  },
  {
    "platform" : "ANDROID_ARM",
    "searchTime" : "2020-09-04T01:59:51.852Z[UTC]",
    "searchQuery" : "king krul",
    "searchInteractionURIs" : [
      "spotify:artist:4wyNyxs74Ux8UIDopNjIai"
    ]
  },
  {
    "platform" : "ANDROID_ARM",
    "searchTime" : "2020-09-04T14:59:17.380Z[UTC]",
    "searchQuery" : "running on e",
    "searchInteractionURIs" : [
      "spotify:track:6aqm56xP40foYBBtAWWrnY"
    ]
  },
  {
    "platform" : "ANDROID_ARM",
    "searchTime" : "2020-09-05T23:04:12.099Z[UTC]",
    "searchQuery" : "john larry",
    "searchInteractionURIs" : [
      "spotify:artist:2Oi0q6J5fQpNwRvOn61oFa",
      "spotify:artist:2ot76ETKxeYHYdIYvUAcA1",
      ""
    ]
  },
  {
    "platform" : "DESKTOP",
    "searchTime" : "2020-09-07T02:31:39.558Z[UTC]",
    "searchQuery" : "society",
    "searchInteractionURIs" : [
      "spotify:track:3bHhUEOTIbezeZ856R0BX5"
    ]
  },
  {
    "platform" : "DESKTOP",
    "searchTime" : "2020-09-07T18:50:59.711Z[UTC]",
    "searchQuery" : "tonight tonigh",
    "searchInteractionURIs" : [
      "spotify:track:2i0AUcEnsDm3dsqLrFWUCq",
      "spotify:track:5kguToT39QaxxYEuPwFkp6"
    ]
  },
  {
    "platform" : "ANDROID_ARM",
    "searchTime" : "2020-09-07T20:16:39.848Z[UTC]",
    "searchQuery" : "mf d",
    "searchInteractionURIs" : [
      "spotify:artist:2pAWfrd7WFF3XhVt9GooDL"
    ]
  },
  {
    "platform" : "DESKTOP",
    "searchTime" : "2020-09-07T23:19:51.191Z[UTC]",
    "searchQuery" : "tonight tonigh",
    "searchInteractionURIs" : [
    ]
  },
  {
    "platform" : "ANDROID_ARM",
    "searchTime" : "2020-09-09T20:45:27.599Z[UTC]",
    "searchQuery" : "fr",
    "searchInteractionURIs" : [
      "spotify:artist:2h93pZq0e7k5yf4dywlkpM"
    ]
  },
  {
    "platform" : "ANDROID_ARM",
    "searchTime" : "2020-09-09T20:56:03.665Z[UTC]",
    "searchQuery" : "me",
    "searchInteractionURIs" : [
      ""
    ]
  },
  {
    "platform" : "ANDROID_ARM",
    "searchTime" : "2020-09-09T20:56:05.840Z[UTC]",
    "searchQuery" : "ke",
    "searchInteractionURIs" : [
      "spotify:artist:2YZyLoL8N0Wb9xBt1NhZWg"
    ]
  },
  {
    "platform" : "ANDROID_ARM",
    "searchTime" : "2020-09-10T20:40:45.800Z[UTC]",
    "searchQuery" : "rex or",
    "searchInteractionURIs" : [
      "spotify:artist:7pbDxGE6nQSZVfiFdq9lOL"
    ]
  },
  {
    "platform" : "ANDROID_ARM",
    "searchTime" : "2020-09-10T20:43:34.686Z[UTC]",
    "searchQuery" : "rayla",
    "searchInteractionURIs" : [
      "spotify:artist:251UrhgNbMr15NLzQ2KyKq"
    ]
  },
  {
    "platform" : "ANDROID_ARM",
    "searchTime" : "2020-09-10T20:46:19.162Z[UTC]",
    "searchQuery" : "john cr",
    "searchInteractionURIs" : [
      "spotify:artist:7ytgyYmtUPfxXHsXEvgObK"
    ]
  },
  {
    "platform" : "ANDROID_ARM",
    "searchTime" : "2020-09-11T21:16:46.568Z[UTC]",
    "searchQuery" : "birds",
    "searchInteractionURIs" : [
      "spotify:album:42WVQWuf1teDysXiOupIZt"
    ]
  },
  {
    "platform" : "ANDROID_ARM",
    "searchTime" : "2020-09-13T18:08:42.733Z[UTC]",
    "searchQuery" : "rayland",
    "searchInteractionURIs" : [
      "spotify:artist:251UrhgNbMr15NLzQ2KyKq"
    ]
  },
  {
    "platform" : "ANDROID_ARM",
    "searchTime" : "2020-09-13T23:55:55.233Z[UTC]",
    "searchQuery" : "tr",
    "searchInteractionURIs" : [
      "spotify:artist:0Y5tJX1MQlPlqiwlOH1tJY"
    ]
  },
  {
    "platform" : "ANDROID_ARM",
    "searchTime" : "2020-09-15T16:33:55.034Z[UTC]",
    "searchQuery" : "andy fris",
    "searchInteractionURIs" : [
      "spotify:search:shows:andy%20fris"
    ]
  },
  {
    "platform" : "ANDROID_ARM",
    "searchTime" : "2020-09-15T16:34:00.836Z[UTC]",
    "searchQuery" : "andy fris",
    "searchInteractionURIs" : [
      "spotify:show:6KHwEnVRZmS9tmxkyfqUMD"
    ]
  },
  {
    "platform" : "ANDROID_ARM",
    "searchTime" : "2020-09-15T16:34:28.544Z[UTC]",
    "searchQuery" : "anything goes",
    "searchInteractionURIs" : [
      "spotify:show:5VzFvh1JlEhBMS6ZHZ8CNO"
    ]
  },
  {
    "platform" : "DESKTOP",
    "searchTime" : "2020-09-16T01:41:35.586Z[UTC]",
    "searchQuery" : "madvill",
    "searchInteractionURIs" : [
      "spotify:artist:2aoFQUeHD1U7pL098lRsDU"
    ]
  },
  {
    "platform" : "ANDROID_ARM",
    "searchTime" : "2020-09-16T01:42:10.170Z[UTC]",
    "searchQuery" : "madvillainy",
    "searchInteractionURIs" : [
      "spotify:album:01FCoGEQ3NFWF4fHJzdiax"
    ]
  },
  {
    "platform" : "DESKTOP",
    "searchTime" : "2020-09-16T19:37:26.130Z[UTC]",
    "searchQuery" : "layla",
    "searchInteractionURIs" : [
      "spotify:track:0e4os6wHr1jbFn4yPtSEOe"
    ]
  },
  {
    "platform" : "DESKTOP",
    "searchTime" : "2020-09-16T19:37:38.264Z[UTC]",
    "searchQuery" : "cocain",
    "searchInteractionURIs" : [
    ]
  },
  {
    "platform" : "DESKTOP",
    "searchTime" : "2020-09-16T19:37:47.876Z[UTC]",
    "searchQuery" : "stevie r",
    "searchInteractionURIs" : [
      "spotify:artist:5fsDcuclIe8ZiBD5P787K1"
    ]
  },
  {
    "platform" : "ANDROID_ARM",
    "searchTime" : "2020-09-17T16:48:19.268Z[UTC]",
    "searchQuery" : "litt",
    "searchInteractionURIs" : [
      "spotify:track:1Eolhana7nKHYpcYpdVcT5"
    ]
  },
  {
    "platform" : "ANDROID_ARM",
    "searchTime" : "2020-09-17T16:49:36.256Z[UTC]",
    "searchQuery" : "jimi",
    "searchInteractionURIs" : [
      "spotify:artist:776Uo845nYHJpNaStv1Ds4"
    ]
  },
  {
    "platform" : "ANDROID_ARM",
    "searchTime" : "2020-09-17T18:19:09.818Z[UTC]",
    "searchQuery" : "cake",
    "searchInteractionURIs" : [
      "spotify:artist:6A43Djmhbe9100UwnI7epV"
    ]
  },
  {
    "platform" : "DESKTOP",
    "searchTime" : "2020-09-17T21:54:44.579Z[UTC]",
    "searchQuery" : "stevie r",
    "searchInteractionURIs" : [
      "spotify:artist:5fsDcuclIe8ZiBD5P787K1"
    ]
  },
  {
    "platform" : "DESKTOP",
    "searchTime" : "2020-09-18T14:38:14.829Z[UTC]",
    "searchQuery" : "jonny",
    "searchInteractionURIs" : [
      "spotify:artist:6kACVPfCOnqzgfEF5ryl0x"
    ]
  },
  {
    "platform" : "DESKTOP",
    "searchTime" : "2020-09-18T15:42:00.357Z[UTC]",
    "searchQuery" : "travis",
    "searchInteractionURIs" : [
      "spotify:artist:0Y5tJX1MQlPlqiwlOH1tJY"
    ]
  },
  {
    "platform" : "DESKTOP",
    "searchTime" : "2020-09-18T19:20:53.868Z[UTC]",
    "searchQuery" : "stevie",
    "searchInteractionURIs" : [
      "spotify:artist:5fsDcuclIe8ZiBD5P787K1"
    ]
  },
  {
    "platform" : "ANDROID_ARM",
    "searchTime" : "2020-09-19T14:23:35.240Z[UTC]",
    "searchQuery" : "stevie ray va",
    "searchInteractionURIs" : [
      "spotify:search:playlists:stevie%20ray%20va"
    ]
  },
  {
    "platform" : "ANDROID_ARM",
    "searchTime" : "2020-09-19T14:23:38.431Z[UTC]",
    "searchQuery" : "stevie ray va",
    "searchInteractionURIs" : [
      "spotify:playlist:3yWmiAMBalVmvnokcVn3Zx"
    ]
  },
  {
    "platform" : "ANDROID_ARM",
    "searchTime" : "2020-09-19T16:14:34.951Z[UTC]",
    "searchQuery" : "ween",
    "searchInteractionURIs" : [
      "spotify:artist:3u1ulLq00Y3bfmq9FfjsPu"
    ]
  },
  {
    "platform" : "ANDROID_ARM",
    "searchTime" : "2020-09-19T17:44:07.059Z[UTC]",
    "searchQuery" : "dio",
    "searchInteractionURIs" : [
      "spotify:artist:4CYeVo5iZbtYGBN4Isc3n6"
    ]
  },
  {
    "platform" : "ANDROID_ARM",
    "searchTime" : "2020-09-19T17:44:15.724Z[UTC]",
    "searchQuery" : "Dion ",
    "searchInteractionURIs" : [
      "spotify:artist:15FyiY3ChN0QRspHIQYq0W"
    ]
  },
  {
    "platform" : "DESKTOP",
    "searchTime" : "2020-09-19T18:06:48.749Z[UTC]",
    "searchQuery" : "caamp",
    "searchInteractionURIs" : [
      "spotify:artist:0wyMPXGfOuQzNR54ujR9Ix"
    ]
  },
  {
    "platform" : "DESKTOP",
    "searchTime" : "2020-09-19T20:21:22.489Z[UTC]",
    "searchQuery" : "caamp",
    "searchInteractionURIs" : [
    ]
  },
  {
    "platform" : "ANDROID_ARM",
    "searchTime" : "2020-09-19T23:00:44.338Z[UTC]",
    "searchQuery" : "across",
    "searchInteractionURIs" : [
      "spotify:track:4dkoqJrP0L8FXftrMZongF"
    ]
  },
  {
    "platform" : "ANDROID_ARM",
    "searchTime" : "2020-09-20T21:23:11.689Z[UTC]",
    "searchQuery" : "caa",
    "searchInteractionURIs" : [
      ""
    ]
  },
  {
    "platform" : "ANDROID_ARM",
    "searchTime" : "2020-09-20T22:26:03.625Z[UTC]",
    "searchQuery" : "bet",
    "searchInteractionURIs" : [
      "spotify:playlist:7c3dSSCaufNst6DUR1FOIK"
    ]
  },
  {
    "platform" : "ANDROID_ARM",
    "searchTime" : "2020-09-20T23:33:26.969Z[UTC]",
    "searchQuery" : "madvillain",
    "searchInteractionURIs" : [
      "spotify:artist:2aoFQUeHD1U7pL098lRsDU"
    ]
  },
  {
    "platform" : "DESKTOP",
    "searchTime" : "2020-09-21T16:28:55.366Z[UTC]",
    "searchQuery" : "classical",
    "searchInteractionURIs" : [
      "spotify:playlist:6wObnEPQ63a4kei1sEcMdH"
    ]
  },
  {
    "platform" : "DESKTOP",
    "searchTime" : "2020-09-21T16:33:21.612Z[UTC]",
    "searchQuery" : "vivaldi",
    "searchInteractionURIs" : [
      "spotify:artist:2QOIawHpSlOwXDvSqQ9YJR"
    ]
  },
  {
    "platform" : "DESKTOP",
    "searchTime" : "2020-09-21T16:44:27.118Z[UTC]",
    "searchQuery" : "bethoven",
    "searchInteractionURIs" : [
      "spotify:playlist:7c3dSSCaufNst6DUR1FOIK"
    ]
  },
  {
    "platform" : "DESKTOP",
    "searchTime" : "2020-09-21T16:50:46.942Z[UTC]",
    "searchQuery" : "louis arm",
    "searchInteractionURIs" : [
      "spotify:artist:19eLuQmk9aCobbVDHc6eek"
    ]
  },
  {
    "platform" : "DESKTOP",
    "searchTime" : "2020-09-21T16:51:34.359Z[UTC]",
    "searchQuery" : "trumpet",
    "searchInteractionURIs" : [
      "spotify:playlist:4kNn7QKtrVhMyopN0tIa7B"
    ]
  },
  {
    "platform" : "DESKTOP",
    "searchTime" : "2020-09-22T00:22:47.870Z[UTC]",
    "searchQuery" : "jeff be",
    "searchInteractionURIs" : [
      "spotify:artist:0AD4odMWVQ2wUSlgxOB5Rl"
    ]
  },
  {
    "platform" : "DESKTOP",
    "searchTime" : "2020-09-22T01:26:31.644Z[UTC]",
    "searchQuery" : "thats amo",
    "searchInteractionURIs" : [
      "spotify:track:4I4aQGNJ2HufloNtB65nxR"
    ]
  },
  {
    "platform" : "DESKTOP",
    "searchTime" : "2020-09-22T01:29:21.554Z[UTC]",
    "searchQuery" : "sinatra",
    "searchInteractionURIs" : [
      "spotify:artist:1Mxqyy3pSjf8kZZL4QVxS0"
    ]
  },
  {
    "platform" : "DESKTOP",
    "searchTime" : "2020-09-22T01:33:17.732Z[UTC]",
    "searchQuery" : "dion",
    "searchInteractionURIs" : [
      "spotify:artist:15FyiY3ChN0QRspHIQYq0W"
    ]
  },
  {
    "platform" : "DESKTOP",
    "searchTime" : "2020-09-23T20:24:04.194Z[UTC]",
    "searchQuery" : "mac mill",
    "searchInteractionURIs" : [
      "spotify:artist:4LLpKhyESsyAXpc4laK94U"
    ]
  },
  {
    "platform" : "DESKTOP",
    "searchTime" : "2020-09-23T20:31:04.514Z[UTC]",
    "searchQuery" : "doses and ",
    "searchInteractionURIs" : [
    ]
  },
  {
    "platform" : "DESKTOP",
    "searchTime" : "2020-09-23T20:31:09.160Z[UTC]",
    "searchQuery" : "cherub",
    "searchInteractionURIs" : [
      "spotify:artist:00dwwnz3V4kRfu3UFYpJLz"
    ]
  },
  {
    "platform" : "ANDROID_ARM",
    "searchTime" : "2020-09-25T23:30:51.291Z[UTC]",
    "searchQuery" : "fruit bats",
    "searchInteractionURIs" : [
      "spotify:artist:6Qm9stX6XO1a4c7BXQDDgc"
    ]
  },
  {
    "platform" : "ANDROID_ARM",
    "searchTime" : "2020-09-26T01:24:48.180Z[UTC]",
    "searchQuery" : "kings of summ",
    "searchInteractionURIs" : [
      "spotify:track:5Ev3sAE6AN0baPJKe3vcy1"
    ]
  },
  {
    "platform" : "ANDROID_ARM",
    "searchTime" : "2020-09-27T20:50:52.910Z[UTC]",
    "searchQuery" : "hozier",
    "searchInteractionURIs" : [
      "spotify:artist:2FXC3k01G6Gw61bmprjgqS",
      ""
    ]
  },
  {
    "platform" : "ANDROID_ARM",
    "searchTime" : "2020-09-27T20:51:50.325Z[UTC]",
    "searchQuery" : "caamp",
    "searchInteractionURIs" : [
      "spotify:artist:0wyMPXGfOuQzNR54ujR9Ix",
      ""
    ]
  },
  {
    "platform" : "ANDROID_ARM",
    "searchTime" : "2020-09-27T20:52:23.082Z[UTC]",
    "searchQuery" : "dr. dog",
    "searchInteractionURIs" : [
      "spotify:artist:4mLJ3XfOM5FPjSAWdQ2Jk7"
    ]
  },
  {
    "platform" : "ANDROID_ARM",
    "searchTime" : "2020-09-28T02:48:23.442Z[UTC]",
    "searchQuery" : "stop crying",
    "searchInteractionURIs" : [
      "spotify:playlist:59esiyw7bbSbT56YxX9Ib0"
    ]
  },
  {
    "platform" : "ANDROID_ARM",
    "searchTime" : "2020-09-28T18:25:14.761Z[UTC]",
    "searchQuery" : "classica",
    "searchInteractionURIs" : [
      "spotify:playlist:37i9dQZF1DWWEJlAGA9gs0"
    ]
  },
  {
    "platform" : "ANDROID_ARM",
    "searchTime" : "2020-09-29T01:18:10.740Z[UTC]",
    "searchQuery" : "best of stevie",
    "searchInteractionURIs" : [
    ]
  },
  {
    "platform" : "ANDROID_ARM",
    "searchTime" : "2020-09-29T01:18:42.181Z[UTC]",
    "searchQuery" : "best of stevie ra",
    "searchInteractionURIs" : [
      "spotify:playlist:0fT2JOyWccGoVMf0kpGAbV"
    ]
  },
  {
    "platform" : "ANDROID_ARM",
    "searchTime" : "2020-09-29T01:31:09.821Z[UTC]",
    "searchQuery" : "b",
    "searchInteractionURIs" : [
      ""
    ]
  },
  {
    "platform" : "ANDROID_ARM",
    "searchTime" : "2020-09-29T01:31:16.894Z[UTC]",
    "searchQuery" : "avia",
    "searchInteractionURIs" : [
      "spotify:track:1NXoydcTFSIJ1ikmFEXmDc"
    ]
  },
  {
    "platform" : "DESKTOP",
    "searchTime" : "2020-09-30T19:35:05.676Z[UTC]",
    "searchQuery" : "classical ess",
    "searchInteractionURIs" : [
      "spotify:playlist:37i9dQZF1DWWEJlAGA9gs0"
    ]
  },
  {
    "platform" : "DESKTOP",
    "searchTime" : "2020-10-02T14:01:22.265Z[UTC]",
    "searchQuery" : "classical",
    "searchInteractionURIs" : [
      "spotify:playlist:6wObnEPQ63a4kei1sEcMdH"
    ]
  },
  {
    "platform" : "ANDROID_ARM",
    "searchTime" : "2020-10-02T18:02:25.275Z[UTC]",
    "searchQuery" : "odesza r",
    "searchInteractionURIs" : [
      "spotify:playlist:3OxZQaLrp9MhtQT2P6EARy"
    ]
  }
]
