{
  "tracks": [
    {
      "artist": "The Monkees",
      "album": "The Birds, The Bees, & The Monkees",
      "track": "Daydream Believer"
    },
    {
      "artist": "The Beach Boys",
      "album": "Smiley Smile",
      "track": "Good Vibrations (Mono)"
    },
    {
      "artist": "Madvillain",
      "album": "Madvillainy",
      "track": "Curls"
    },
    {
      "artist": "The Beatles",
      "album": "1",
      "track": "The Long And Winding Road - Remastered 2015"
    },
    {
      "artist": "Rob $tone",
      "album": "Chill Bill (feat. J. Davi$ & Spooks)",
      "track": "Chill Bill (feat. J. Davi$ & Spooks)"
    },
    {
      "artist": "Wu-Tang Clan",
      "album": "Enter The Wu-Tang (36 Chambers) [Expanded Edition]",
      "track": "Protect Ya Neck"
    },
    {
      "artist": "Trent Reznor and Atticus Ross",
      "album": "The Social Network",
      "track": "In Motion"
    },
    {
      "artist": "Giraffage",
      "album": "No Reason",
      "track": "Be With You"
    },
    {
      "artist": "Masego",
      "album": "Tadow",
      "track": "Tadow"
    },
    {
      "artist": "Bob Dylan",
      "album": "Travelin' Thru, 1967 - 1969: The Bootleg Series, Vol. 15 (Sampler)",
      "track": "Lay, Lady, Lay - Take 2"
    },
    {
      "artist": "Madvillain",
      "album": "Madvillainy",
      "track": "Figaro"
    },
    {
      "artist": "Dr. Dog",
      "album": "Fate",
      "track": "The Breeze"
    },
    {
      "artist": "Supertramp",
      "album": "Breakfast In America",
      "track": "Oh Darling - 2010 Remastered"
    },
    {
      "artist": "Supertramp",
      "album": "Breakfast In America",
      "track": "Breakfast In America - Remastered"
    },
    {
      "artist": "Stephen",
      "album": "Sincerely",
      "track": "Crossfire"
    },
    {
      "artist": "Cage The Elephant",
      "album": "Tell Me I'm Pretty",
      "track": "Too Late To Say Goodbye"
    },
    {
      "artist": "Sugar Ray",
      "album": "Floored",
      "track": "Fly"
    },
    {
      "artist": "Ty Segall",
      "album": "Deforming Lobes",
      "track": "Love Fuzz"
    },
    {
      "artist": "Cage The Elephant",
      "album": "Cage The Elephant",
      "track": "In One Ear"
    },
    {
      "artist": "Eddie Vedder",
      "album": "Into The Wild",
      "track": "Society"
    },
    {
      "artist": "Madvillain",
      "album": "Madvillainy",
      "track": "Sickfit"
    },
    {
      "artist": "Axwell /\\ Ingrosso",
      "album": "Sun Is Shining",
      "track": "Sun Is Shining"
    },
    {
      "artist": "Todd Rundgren",
      "album": "Something / Anything?",
      "track": "I Saw the Light"
    },
    {
      "artist": "Intuition & Equalibrum",
      "album": "Intuition & Equalibrum",
      "track": "Weight Is Gone"
    },
    {
      "artist": "Everlast",
      "album": "Whitey Ford Sings the Blues",
      "track": "What It's Like"
    },
    {
      "artist": "Looking Glass",
      "album": "Looking Glass",
      "track": "Brandy (You're a Fine Girl)"
    },
    {
      "artist": "Gorillaz",
      "album": "Demon Days",
      "track": "Feel Good Inc."
    },
    {
      "artist": "Supertramp",
      "album": "Breakfast In America",
      "track": "From Now On - Live At Wembley/1979"
    },
    {
      "artist": "Third Eye Blind",
      "album": "UK Metal Chart Hits of the 2000s",
      "track": "Never Let You Go"
    },
    {
      "artist": "Paul McCartney",
      "album": "Ram",
      "track": "Another Day - Remastered 2012"
    },
    {
      "artist": "Dion",
      "album": "Runaround Sue",
      "track": "Dream Lover"
    },
    {
      "artist": "The Flaming Lips",
      "album": "Yoshimi Battles the Pink Robots",
      "track": "Do You Realize??"
    },
    {
      "artist": "WizKid",
      "album": "Daddy Yo",
      "track": "Daddy Yo"
    },
    {
      "artist": "Travis Scott",
      "album": "ASTROWORLD",
      "track": "HOUSTONFORNICATION"
    },
    {
      "artist": "Gioachino Rossini",
      "album": "Rossini: Complete Overtures",
      "track": "Il barbiere di Siviglia: Overture (Sinfonia)"
    },
    {
      "artist": "The Beatles",
      "album": "1",
      "track": "She Loves You - Mono / Remastered"
    },
    {
      "artist": "Mac Miller",
      "album": "Watching Movies with the Sound Off",
      "track": "Avian"
    },
    {
      "artist": "Gorillaz",
      "album": "Demon Days",
      "track": "Intro"
    },
    {
      "artist": "Natalie Imbruglia",
      "album": "Left Of The Middle",
      "track": "Torn"
    },
    {
      "artist": "The Black Keys",
      "album": "El Camino",
      "track": "Little Black Submarines"
    },
    {
      "artist": "KUČKA",
      "album": "Honey Remixed",
      "track": "Honey - Medasin Remix"
    },
    {
      "artist": "Childish Gambino",
      "album": "\"Awaken, My Love!\"",
      "track": "Redbone"
    },
    {
      "artist": "Alexandra Stan",
      "album": "Saxobeats",
      "track": "Mr. Saxobeat"
    },
    {
      "artist": "Cake",
      "album": "Prolonging the Magic",
      "track": "Let Me Go"
    },
    {
      "artist": "MF DOOM",
      "album": "MM...FOOD",
      "track": "Potholderz feat. Count Bass D"
    },
    {
      "artist": "Daft Punk",
      "album": "Discovery",
      "track": "Aerodynamic"
    },
    {
      "artist": "Supertramp",
      "album": "Breakfast In America",
      "track": "Oh Darling - Live In Miami/1979"
    },
    {
      "artist": "Travis Scott",
      "album": "ASTROWORLD",
      "track": "NC-17"
    },
    {
      "artist": "Stevie Ray Vaughan",
      "album": "Couldn't Stand The Weather (Legacy Edition)",
      "track": "Little Wing"
    },
    {
      "artist": "J. Cole",
      "album": "4 Your Eyez Only",
      "track": "Neighbors"
    },
    {
      "artist": "Bethoven Masterpieces",
      "album": "Bethoven Masterpieces and Friends",
      "track": "Für Elise"
    },
    {
      "artist": "Mac Miller",
      "album": "GO:OD AM",
      "track": "Weekend (feat. Miguel)"
    },
    {
      "artist": "Patsy Cline",
      "album": "Showcase",
      "track": "Crazy - Single Version"
    },
    {
      "artist": "Supertramp",
      "album": "Breakfast In America",
      "track": "Give A Little Bit - Live At Pavillon de Paris/1979"
    },
    {
      "artist": "Glen Campbell",
      "album": "Gentle On My Mind",
      "track": "Gentle On My Mind - Remastered 2001"
    },
    {
      "artist": "Stevie Ray Vaughan",
      "album": "The Essential Stevie Ray Vaughan And Double Trouble",
      "track": "Lenny"
    },
    {
      "artist": "FISHER",
      "album": "Losing It",
      "track": "Losing It"
    },
    {
      "artist": "Frankie Valli",
      "album": "The Very Best of Frankie Valli & The 4 Seasons",
      "track": "Can't Take My Eyes off You"
    },
    {
      "artist": "Medasin",
      "album": "Always Afternoon",
      "track": "Always Afternoon"
    },
    {
      "artist": "Madvillain",
      "album": "Madvillainy",
      "track": "The Illest Villains"
    },
    {
      "artist": "Spin Doctors",
      "album": "Pocket Full Of Kryptonite",
      "track": "Two Princes"
    },
    {
      "artist": "MGMT",
      "album": "Oracular Spectacular",
      "track": "Time to Pretend"
    },
    {
      "artist": "Shark Quest",
      "album": "Gods and Devils",
      "track": "Sin the Moon"
    },
    {
      "artist": "Louis Prima",
      "album": "Capitol Collectors Series",
      "track": "Just A Gigolo - Remastered"
    },
    {
      "artist": "Pearl Jam",
      "album": "Last Kiss",
      "track": "Last Kiss"
    },
    {
      "artist": "311",
      "album": "Greatest Hits '93 - '03",
      "track": "Beautiful Disaster"
    },
    {
      "artist": "Earl Sweatshirt",
      "album": "Some Rap Songs",
      "track": "Riot!"
    },
    {
      "artist": "The Beatles",
      "album": "1",
      "track": "Day Tripper - Remastered 2015"
    },
    {
      "artist": "O.A.R.",
      "album": "XX",
      "track": "That Was A Crazy Game Of Poker"
    },
    {
      "artist": "Pearl Jam",
      "album": "Yield",
      "track": "Given to Fly"
    },
    {
      "artist": "John Mellencamp",
      "album": "American Fool",
      "track": "Jack & Diane"
    },
    {
      "artist": "Atmosphere",
      "album": "Sad Clown Bad Summer Number 9",
      "track": "Sunshine"
    },
    {
      "artist": "Nina Simone",
      "album": "I Put A Spell On You",
      "track": "I Put A Spell On You"
    },
    {
      "artist": "Black Coast",
      "album": "Trndsttr",
      "track": "Trndsttr - Lucian Remix"
    },
    {
      "artist": "Unknown Mortal Orchestra",
      "album": "II",
      "track": "So Good At Being in Trouble"
    },
    {
      "artist": "Frankie Valli & The Four Seasons",
      "album": "Dawn (Go Away) and 11 Other Hits",
      "track": "Earth Angel"
    },
    {
      "artist": "Emitt Rhodes",
      "album": "The Emitt Rhodes Recordings (1969-1973)",
      "track": "Somebody Made For Me"
    },
    {
      "artist": "Madvillain",
      "album": "Madvillainy",
      "track": "All Caps"
    },
    {
      "artist": "Courts",
      "album": "Sanatana",
      "track": "Sanatana"
    },
    {
      "artist": "The Velvet Underground",
      "album": "The Velvet Underground & Nico 45th Anniversary",
      "track": "Sunday Morning"
    },
    {
      "artist": "The Beatles",
      "album": "1",
      "track": "Yesterday - Remastered 2015"
    },
    {
      "artist": "Willie Nelson",
      "album": "And Then I Wrote",
      "track": "Crazy"
    },
    {
      "artist": "Frankie Valli & The Four Seasons",
      "album": "Chameleon",
      "track": "The Night - 1972 Version"
    },
    {
      "artist": "Dire Straits",
      "album": "Dire Straits",
      "track": "Sultans of Swing"
    },
    {
      "artist": "KYLE",
      "album": "Beautiful Loser",
      "track": "Sex & Super Smash Bros."
    },
    {
      "artist": "The Violinaires",
      "album": "The Upper Way",
      "track": "The Upper Way"
    },
    {
      "artist": "Madvillain",
      "album": "Madvillainy",
      "track": "Great Day"
    },
    {
      "artist": "Stone Temple Pilots",
      "album": "Purple",
      "track": "Interstate Love Song"
    },
    {
      "artist": "Pedestrian",
      "album": "Pick Your Shots Clean",
      "track": "Pick Your Shots Clean"
    },
    {
      "artist": "Jimi Hendrix",
      "album": "Electric Ladyland",
      "track": "Voodoo Child (Slight Return)"
    },
    {
      "artist": "Kanye West",
      "album": "The Life Of Pablo",
      "track": "Waves"
    },
    {
      "artist": "1000mods",
      "album": "Super Van Vacation",
      "track": "Road to Burn"
    },
    {
      "artist": "Gregory Alan Isakov",
      "album": "This Empty Northern Hemisphere",
      "track": "Big Black Car"
    },
    {
      "artist": "Orangutang",
      "album": "EP",
      "track": "Rio"
    },
    {
      "artist": "Flume",
      "album": "Flume: Deluxe Edition",
      "track": "You & Me - Flume Remix"
    },
    {
      "artist": "The Clash",
      "album": "London Calling (Remastered)",
      "track": "London Calling - Remastered"
    },
    {
      "artist": "Emitt Rhodes",
      "album": "The Emitt Rhodes Recordings (1969-1973)",
      "track": "Pardon Me"
    },
    {
      "artist": "Funkadelic",
      "album": "Ain't That Funkin' Kinda Hard on You? (We Ain't Neva Gonna Stop Remix) [feat. Kendrick Lamar & Ice Cube] - Single",
      "track": "Ain't That Funkin' Kinda Hard on You? - We Ain't Neva Gonna Stop Remix"
    },
    {
      "artist": "Glass Animals",
      "album": "ZABA",
      "track": "Gooey"
    },
    {
      "artist": "Billy Joel",
      "album": "The Stranger (Legacy Edition)",
      "track": "Get It Right the First Time"
    },
    {
      "artist": "John Renbourn",
      "album": "Snap A Little Owl",
      "track": "Bermuda Triangle Exit"
    },
    {
      "artist": "Supertramp",
      "album": "Breakfast In America",
      "track": "The Logical Song - Remastered 2010"
    },
    {
      "artist": "311",
      "album": "311",
      "track": "Down"
    },
    {
      "artist": "Madvillain",
      "album": "Madvillainy",
      "track": "Strange Ways"
    },
    {
      "artist": "Logic",
      "album": "Under Pressure",
      "track": "Gang Related"
    },
    {
      "artist": "Led Zeppelin",
      "album": "Led Zeppelin IV",
      "track": "Black Dog - Remaster"
    },
    {
      "artist": "Inner Wave",
      "album": "Sun Transmission",
      "track": "Diamond Eyes"
    },
    {
      "artist": "Young the Giant",
      "album": "Young The Giant",
      "track": "Cough Syrup"
    },
    {
      "artist": "Family of the Year",
      "album": "Loma Vista",
      "track": "Hero"
    },
    {
      "artist": "Kurt Vile",
      "album": "Bottle It In",
      "track": "Loading Zones"
    },
    {
      "artist": "Buena Vista Social Club",
      "album": "Buena Vista Social Club",
      "track": "Chan Chan"
    },
    {
      "artist": "Ween",
      "album": "Chocolate & Cheese",
      "track": "Don't Shit Where You Eat"
    },
    {
      "artist": "The Faker Five",
      "album": "Pass The Hat",
      "track": "Misty"
    },
    {
      "artist": "Cuthead",
      "album": "Total Sellout",
      "track": "The Poncho"
    },
    {
      "artist": "Supertramp",
      "album": "Breakfast In America",
      "track": "Just Another Nervous Wreck - 2010 Remastered"
    },
    {
      "artist": "Supertramp",
      "album": "Breakfast In America",
      "track": "Even In The Quietest Moments - Live At Pavillon de Paris/1979"
    },
    {
      "artist": "Babylon Dead",
      "album": "2000 Bd",
      "track": "Raggo"
    },
    {
      "artist": "Fid Mella",
      "album": "Tatas Plottn",
      "track": "Marling"
    },
    {
      "artist": "Madvillain",
      "album": "Madvillainy",
      "track": "Hardcore Hustle"
    },
    {
      "artist": "Kid Cudi",
      "album": "Man On The Moon: The End Of Day",
      "track": "Soundtrack 2 My Life"
    },
    {
      "artist": "Sugar Ray",
      "album": "14:59",
      "track": "Someday"
    },
    {
      "artist": "Kid Cudi",
      "album": "Indicud",
      "track": "Just What I Am"
    },
    {
      "artist": "Atmosphere",
      "album": "When Life Gives You Lemons, You Paint That Shit Gold [Standard Edition]",
      "track": "Yesterday"
    },
    {
      "artist": "Scatman Crothers",
      "album": "Walt Disney Records The Legacy Collection: The Aristocats",
      "track": "Ev'rybody Wants to Be a Cat - Original Soundtrack Version"
    },
    {
      "artist": "The Beatles",
      "album": "1",
      "track": "Love Me Do - Mono / Remastered"
    },
    {
      "artist": "Sunset Rollercoaster",
      "album": "Jinji Kikko",
      "track": "My Jinji"
    },
    {
      "artist": "Electric Light Orchestra",
      "album": "A New World Record",
      "track": "Telephone Line"
    },
    {
      "artist": "Harry Chapin",
      "album": "Verities & Balderdash",
      "track": "Cat's in the Cradle"
    },
    {
      "artist": "Madvillain",
      "album": "Madvillainy",
      "track": "Eye"
    },
    {
      "artist": "Led Zeppelin",
      "album": "Led Zeppelin II",
      "track": "Whole Lotta Love - Remaster"
    },
    {
      "artist": "Iration",
      "album": "Time Bomb",
      "track": "Time Bomb"
    },
    {
      "artist": "The Beatles",
      "album": "1",
      "track": "I Want To Hold Your Hand - Remastered 2015"
    },
    {
      "artist": "Ominous Words",
      "album": "Simple But True",
      "track": "I Want To Get Hight"
    },
    {
      "artist": "Florence + The Machine",
      "album": "Lungs",
      "track": "You've Got The Love"
    },
    {
      "artist": "Jim Sullivan",
      "album": "U.F.O.",
      "track": "U.F.O."
    },
    {
      "artist": "Yes",
      "album": "The Yes Album",
      "track": "I've Seen All Good People: a. Your Move, b. All Good People - 2003 Remaster"
    },
    {
      "artist": "Roy Porter Sound Machine",
      "album": "Tramp 45rpm Single Collection, Vol.2",
      "track": "Out on the Town Tonight"
    },
    {
      "artist": "Kid Bloom",
      "album": "A Different State of Mind",
      "track": "Lately It Feels Alright"
    },
    {
      "artist": "Kid Cudi",
      "album": "Man On The Moon: The End Of Day",
      "track": "Soundtrack 2 My Life"
    },
    {
      "artist": "The Murlocs",
      "album": "Young Blindness",
      "track": "Rolling On"
    },
    {
      "artist": "Flatpocket",
      "album": "Geldfundphantasyen",
      "track": "Nomoneynohoney"
    },
    {
      "artist": "Kanye West",
      "album": "My Beautiful Dark Twisted Fantasy",
      "track": "Runaway"
    },
    {
      "artist": "The Beatles",
      "album": "1",
      "track": "Eleanor Rigby - Remastered 2015"
    },
    {
      "artist": "Charlie Chaplin",
      "album": "Chaplin's Smile: Song Arrangements for Violin and Piano",
      "track": "Smile (Theme from Modern Times) [with Joshua Bell]"
    },
    {
      "artist": "Stevie Wonder",
      "album": "Christmas Music 100 Hits",
      "track": "Ave Maria"
    },
    {
      "artist": "Creedence Clearwater Revival",
      "album": "Green River",
      "track": "Bad Moon Rising"
    },
    {
      "artist": "Sweater Beats",
      "album": "Hey Ya",
      "track": "Hey Ya"
    },
    {
      "artist": "alt-J",
      "album": "An Awesome Wave",
      "track": "Breezeblocks"
    },
    {
      "artist": "Jim Croce",
      "album": "You Don't Mess Around With Jim",
      "track": "Operator (That's Not the Way It Feels)"
    },
    {
      "artist": "Caesars",
      "album": "Jerk It Out",
      "track": "Jerk It Out"
    },
    {
      "artist": "The Killers",
      "album": "Hot Fuss",
      "track": "Somebody Told Me"
    },
    {
      "artist": "50 Cent",
      "album": "Get Rich Or Die Tryin'",
      "track": "P.I.M.P."
    },
    {
      "artist": "Radiohead",
      "album": "OK Computer",
      "track": "Karma Police"
    },
    {
      "artist": "Madvillain",
      "album": "Madvillainy",
      "track": "Supervillain Theme"
    },
    {
      "artist": "Gorillaz",
      "album": "Demon Days",
      "track": "El Mañana"
    },
    {
      "artist": "Flume",
      "album": "Never Be Like You (feat. Kai)",
      "track": "Never Be Like You (feat. Kai)"
    },
    {
      "artist": "Everclear",
      "album": "So Much For The Afterglow",
      "track": "Father Of Mine"
    },
    {
      "artist": "Mac Miller",
      "album": "Circles",
      "track": "Blue World"
    },
    {
      "artist": "Miles Davis",
      "album": "Kind Of Blue (Legacy Edition)",
      "track": "Stella By Starlight"
    },
    {
      "artist": "Mononome",
      "album": "Loralai",
      "track": "Loralai"
    },
    {
      "artist": "Third Eye Blind",
      "album": "Third Eye Blind",
      "track": "Graduate"
    },
    {
      "artist": "The Beatles",
      "album": "1",
      "track": "From Me To You - Mono / Remastered"
    },
    {
      "artist": "The Rolling Stones",
      "album": "Let It Bleed",
      "track": "You Can't Always Get What You Want"
    },
    {
      "artist": "Chase & Status",
      "album": "No More Idols",
      "track": "Time"
    },
    {
      "artist": "Glass Animals",
      "album": "How To Be A Human Being",
      "track": "The Other Side Of Paradise"
    },
    {
      "artist": "Mac DeMarco",
      "album": "2",
      "track": "Ode to Viceroy"
    },
    {
      "artist": "Simon & Garfunkel",
      "album": "Bookends",
      "track": "Mrs. Robinson - From \"The Graduate\" Soundtrack"
    },
    {
      "artist": "Built To Spill",
      "album": "You In Reverse",
      "track": "Liar"
    },
    {
      "artist": "Gorillaz",
      "album": "Demon Days",
      "track": "Dirty Harry"
    },
    {
      "artist": "Kendrick Lamar",
      "album": "i",
      "track": "i"
    },
    {
      "artist": "Sugar Ray",
      "album": "Sugar Ray",
      "track": "Under The Sun"
    },
    {
      "artist": "The Beatles",
      "album": "1",
      "track": "Something - Remastered 2015"
    },
    {
      "artist": "SMLE",
      "album": "Overflow (feat. Helen Tess)",
      "track": "Overflow (feat. Helen Tess)"
    },
    {
      "artist": "Rob Curly",
      "album": "Eleven",
      "track": "Eleven 11: / 11"
    },
    {
      "artist": "The Doobie Brothers",
      "album": "The Captain and Me",
      "track": "Long Train Runnin'"
    },
    {
      "artist": "Stevie Ray Vaughan",
      "album": "Texas Flood (Legacy Edition)",
      "track": "Pride and Joy"
    },
    {
      "artist": "Gorillaz",
      "album": "Demon Days",
      "track": "November Has Come"
    },
    {
      "artist": "Millionyoung",
      "album": "Amanecer",
      "track": "Hammock"
    },
    {
      "artist": "Cake",
      "album": "b-sides and rarities",
      "track": "War Pigs"
    },
    {
      "artist": "DOTcom",
      "album": "Make It Go",
      "track": "Hate Being Sober"
    },
    {
      "artist": "America",
      "album": "Homecoming",
      "track": "Ventura Highway"
    },
    {
      "artist": "Snowgoons",
      "album": "German Lugers",
      "track": "Teacher's Trademark"
    },
    {
      "artist": "Black Eyed Peas",
      "album": "Monkey Business",
      "track": "Pump It"
    },
    {
      "artist": "Kanye West",
      "album": "The Life Of Pablo",
      "track": "Famous"
    },
    {
      "artist": "Incubus",
      "album": "Make Yourself",
      "track": "Stellar"
    },
    {
      "artist": "Moxie",
      "album": "Honey",
      "track": "Honey"
    },
    {
      "artist": "Billie Holiday",
      "album": "Billie Holiday",
      "track": "I'll Be Seeing You"
    },
    {
      "artist": "311",
      "album": "From Chaos",
      "track": "Champagne"
    },
    {
      "artist": "NGHTMRE",
      "album": "Grave",
      "track": "Grave"
    },
    {
      "artist": "Kanye West",
      "album": "Yeezus",
      "track": "Black Skinhead"
    },
    {
      "artist": "The Beatles",
      "album": "1",
      "track": "The Ballad Of John And Yoko - Remastered 2015"
    },
    {
      "artist": "The Beatles",
      "album": "Magical Mystery Tour",
      "track": "The Fool On The Hill - Remastered 2009"
    },
    {
      "artist": "The Beatles",
      "album": "1",
      "track": "Penny Lane - Remastered 2015"
    },
    {
      "artist": "Mac DeMarco",
      "album": "2",
      "track": "Freaking Out the Neighborhood"
    },
    {
      "artist": "Milky Chance",
      "album": "Sadnecessary",
      "track": "Loveland - Studio Version"
    },
    {
      "artist": "Wings",
      "album": "Band On The Run",
      "track": "Band On The Run - Remastered 2010"
    },
    {
      "artist": "Frank Ocean",
      "album": "channel ORANGE",
      "track": "Pyramids"
    },
    {
      "artist": "Dirty Art Club",
      "album": "Hexes",
      "track": "Full Metal Jacket"
    },
    {
      "artist": "Nu Brand Flexxx",
      "album": "Rangoose, Vol. 1",
      "track": "Feel so Good"
    },
    {
      "artist": "Blake Rose",
      "album": "Gone",
      "track": "Gone"
    },
    {
      "artist": "The Beatles",
      "album": "1",
      "track": "All You Need Is Love - Remastered 2015"
    },
    {
      "artist": "The Beatles",
      "album": "1",
      "track": "Yellow Submarine - Remastered 2015"
    },
    {
      "artist": "King Krule",
      "album": "The OOZ",
      "track": "Biscuit Town"
    },
    {
      "artist": "Madvillain",
      "album": "Madvillainy",
      "track": "Raid"
    },
    {
      "artist": "Caamp",
      "album": "Boys (Side B)",
      "track": "Strawberries"
    },
    {
      "artist": "They Might Be Giants",
      "album": "Flood",
      "track": "Istanbul (Not Constantinople)"
    },
    {
      "artist": "Ramson Badbonez",
      "album": "Hypnodic",
      "track": "Hypnodic"
    },
    {
      "artist": "Sugar Ray",
      "album": "Sugar Ray",
      "track": "When It's Over - David Kahne Main"
    },
    {
      "artist": "Aliotta Haynes Jeremiah",
      "album": "Lake Shore Drive",
      "track": "Lake Shore Drive"
    },
    {
      "artist": "Ween",
      "album": "La Cucaracha",
      "track": "Fiesta"
    },
    {
      "artist": "J. Cole",
      "album": "2014 Forest Hills Drive",
      "track": "Wet Dreamz"
    },
    {
      "artist": "Dr. Dog",
      "album": "Shame, Shame",
      "track": "Where'd All the Time Go?"
    },
    {
      "artist": "Third Eye Blind",
      "album": "Third Eye Blind",
      "track": "Losing a Whole Year"
    },
    {
      "artist": "Gorillaz",
      "album": "Demon Days",
      "track": "Demon Days"
    },
    {
      "artist": "Kendrick Lamar",
      "album": "untitled unmastered.",
      "track": "untitled 02 | 06.23.2014."
    },
    {
      "artist": "The Hit Co.",
      "album": "Tuning Into Christmas: Radio Holiday Favorites, Vol. 1",
      "track": "You're a Mean One, Mr. Grinch"
    },
    {
      "artist": "Perfect Confusion",
      "album": "Perfect Confusion",
      "track": "Wallpaper"
    },
    {
      "artist": "Ashe",
      "album": "Moral of the Story",
      "track": "Moral of the Story"
    },
    {
      "artist": "Khalid",
      "album": "Black Panther The Album Music From And Inspired By",
      "track": "The Ways (with Swae Lee)"
    },
    {
      "artist": "Bob Dylan",
      "album": "Nashville Skyline",
      "track": "Girl from the North Country"
    },
    {
      "artist": "Flipsyde",
      "album": "We The People",
      "track": "Someday"
    },
    {
      "artist": "Gorillaz",
      "album": "Demon Days",
      "track": "Don't Get Lost in Heaven"
    },
    {
      "artist": "The Beatles",
      "album": "1",
      "track": "Eight Days A Week - Remastered 2015"
    },
    {
      "artist": "RJD2",
      "album": "Deadringer: Deluxe",
      "track": "Ghostwriter"
    },
    {
      "artist": "Twenty One Pilots",
      "album": "Blurryface",
      "track": "Stressed Out"
    },
    {
      "artist": "Led Zeppelin",
      "album": "Led Zeppelin IV",
      "track": "Going to California - Remaster"
    },
    {
      "artist": "Little Feat",
      "album": "Sailin' Shoes",
      "track": "Willin'"
    },
    {
      "artist": "Duane Eddy",
      "album": "Twangin' The Golden Hits",
      "track": "Rebel Rouser"
    },
    {
      "artist": "TV On The Radio",
      "album": "Young Liars",
      "track": "Staring at the Sun"
    },
    {
      "artist": "Bert Jansch",
      "album": "Bert & John",
      "track": "East Wind - 2015 Remaster"
    },
    {
      "artist": "The Arcs",
      "album": "Yours, Dreamily,",
      "track": "Put a Flower in Your Pocket"
    },
    {
      "artist": "311",
      "album": "Greatest Hits '93 - '03",
      "track": "Amber"
    },
    {
      "artist": "The Beatles",
      "album": "1",
      "track": "Let It Be - Remastered 2015"
    },
    {
      "artist": "King Krule",
      "album": "6 Feet Beneath The Moon",
      "track": "Baby Blue"
    },
    {
      "artist": "KYLE",
      "album": "Smyle",
      "track": "Don't Wanna Fall In Love"
    },
    {
      "artist": "G-Eazy",
      "album": "When It's Dark Out",
      "track": "Some Kind Of Drug (feat. Marc E. Bassy)"
    },
    {
      "artist": "Fleet Foxes",
      "album": "Fleet Foxes",
      "track": "Ragged Wood"
    },
    {
      "artist": "Fiona Apple",
      "album": "This Is 40 Soundtrack",
      "track": "Dull Tool"
    },
    {
      "artist": "PaceWon & Mr. Green",
      "album": "The Only Color That Matters is Green",
      "track": "Children Sing"
    },
    {
      "artist": "Gift Of Gab",
      "album": "4th Dimension Rocketships Going Up",
      "track": "Rat Race"
    },
    {
      "artist": "Flamingosis",
      "album": "Pleasure Palette",
      "track": "Finesse (Hey Baby)"
    },
    {
      "artist": "Action Bronson",
      "album": "Mr. Wonderful",
      "track": "Easy Rider"
    },
    {
      "artist": "Beach House",
      "album": "Bloom",
      "track": "On the Sea"
    },
    {
      "artist": "King Krule",
      "album": "6 Feet Beneath The Moon",
      "track": "Border Line"
    },
    {
      "artist": "Madvillain",
      "album": "Madvillainy",
      "track": "Rhinestone Cowboy"
    },
    {
      "artist": "Bob Dylan",
      "album": "Nashville Skyline",
      "track": "Lay, Lady, Lay"
    },
    {
      "artist": "Dr. Dog",
      "album": "Abandoned Mansion",
      "track": "Could've Happened to Me"
    },
    {
      "artist": "Kali Uchis",
      "album": "Isolation",
      "track": "After The Storm (feat. Tyler, The Creator & Bootsy Collins)"
    },
    {
      "artist": "Dr. Dog",
      "album": "Shame, Shame",
      "track": "Jackie Wants a Black Eye"
    },
    {
      "artist": "Fitz and The Tantrums",
      "album": "Songs for a Breakup: Volume 1",
      "track": "Don't Gotta Work It Out"
    },
    {
      "artist": "Foo Fighters",
      "album": "Wasting Light",
      "track": "Rope"
    },
    {
      "artist": "Madvillain",
      "album": "Madvillainy",
      "track": "Rainbows"
    },
    {
      "artist": "The Geek x Vrv",
      "album": "Chinese Morning",
      "track": "Chinese Morning"
    },
    {
      "artist": "The Budos Band",
      "album": "Veil of Shadows",
      "track": "Veil of Shadows"
    },
    {
      "artist": "Ryan Caraveo",
      "album": "Swings",
      "track": "Paradise"
    },
    {
      "artist": "Dion",
      "album": "The Essential Dion",
      "track": "Drip Drop"
    },
    {
      "artist": "Logic",
      "album": "Under Pressure",
      "track": "I'm Gone"
    },
    {
      "artist": "Grizzly Bear",
      "album": "Veckatimest",
      "track": "Fine For Now"
    },
    {
      "artist": "M. Ward",
      "album": "Post-War",
      "track": "Chinese Translation"
    },
    {
      "artist": "Rod Stewart",
      "album": "Every Picture Tells A Story",
      "track": "Maggie May"
    },
    {
      "artist": "Two Door Cinema Club",
      "album": "Tourist History",
      "track": "Something Good Can Work"
    },
    {
      "artist": "The Beatles",
      "album": "1",
      "track": "Come Together - Remastered 2015"
    },
    {
      "artist": "The Brian Jonestown Massacre",
      "album": "Their Satanic Majesties' Second Request",
      "track": "Anemone"
    },
    {
      "artist": "The Beatles",
      "album": "1",
      "track": "Paperback Writer - Remastered 2015"
    },
    {
      "artist": "Audioslave",
      "album": "Audioslave",
      "track": "Like a Stone"
    },
    {
      "artist": "Weezer",
      "album": "Weezer (Green Album)",
      "track": "Island In The Sun"
    },
    {
      "artist": "Carole King",
      "album": "Tapestry",
      "track": "It's Too Late"
    },
    {
      "artist": "The Beatles",
      "album": "1",
      "track": "Lady Madonna - Remastered 2015"
    },
    {
      "artist": "Supertramp",
      "album": "Crime Of The Century",
      "track": "Bloody Well Right"
    },
    {
      "artist": "Tennis",
      "album": "Yours Conditionally",
      "track": "In the Morning I'll Be Better"
    },
    {
      "artist": "will.i.am",
      "album": "#willpower",
      "track": "Scream & Shout"
    },
    {
      "artist": "Puzzle",
      "album": "Soaring",
      "track": "I Saw An Angel"
    },
    {
      "artist": "Todd Rundgren",
      "album": "Something / Anything?",
      "track": "Hello It's Me"
    },
    {
      "artist": "The Beach Boys",
      "album": "Surfin' USA",
      "track": "Misirlou (Mono)"
    },
    {
      "artist": "The Moody Blues",
      "album": "A Question Of Balance",
      "track": "Question"
    },
    {
      "artist": "The Beatles",
      "album": "1",
      "track": "We Can Work It Out - Remastered 2015"
    },
    {
      "artist": "Jim Croce",
      "album": "You Don't Mess Around With Jim",
      "track": "Tomorrow's Gonna Be a Brighter Day"
    },
    {
      "artist": "Cheerleader",
      "album": "The Sunshine of Your Youth",
      "track": "Do What You Want"
    },
    {
      "artist": "Paul McCartney",
      "album": "RAM",
      "track": "Uncle Albert / Admiral Halsey - Medley / Remastered 2012"
    },
    {
      "artist": "The Beatles",
      "album": "1",
      "track": "A Hard Day's Night - Remastered 2015"
    },
    {
      "artist": "Eric Prydz",
      "album": "Opus",
      "track": "Opus"
    },
    {
      "artist": "Louis Prima",
      "album": "Songs and Story: The Jungle Book",
      "track": "I Wan'na Be Like You (The Monkey Song) - From \"The Jungle Book\" / Soundtrack Version"
    },
    {
      "artist": "Jimi Hendrix",
      "album": "Axis: Bold As Love",
      "track": "Little Wing"
    },
    {
      "artist": "Oasis",
      "album": "(What's The Story) Morning Glory? (Deluxe Edition) [Remastered]",
      "track": "Champagne Supernova - Remastered"
    },
    {
      "artist": "Led Zeppelin",
      "album": "Led Zeppelin IV",
      "track": "When the Levee Breaks - Remaster"
    },
    {
      "artist": "The Modern Lovers",
      "album": "The Modern Lovers",
      "track": "Roadrunner"
    },
    {
      "artist": "Aminé",
      "album": "Good For You",
      "track": "Caroline"
    },
    {
      "artist": "Alexandra Steliski",
      "album": "Classical Piano Best Of - 14 Most Famous Classical & Modern Piano Masterpieces",
      "track": "Plus Tôt"
    },
    {
      "artist": "Kanye West",
      "album": "The Life Of Pablo",
      "track": "Father Stretch My Hands Pt. 1"
    },
    {
      "artist": "Ice Cube",
      "album": "Lethal Injection",
      "track": "You Know How We Do It - Remastered"
    },
    {
      "artist": "Nate Dogg",
      "album": "Christmas On Death Row",
      "track": "Santa Claus Goes Straight To The Ghetto"
    },
    {
      "artist": "Dean Martin",
      "album": "Dino The Essential Dean Martin",
      "track": "Mambo Italiano"
    },
    {
      "artist": "Rob Viktum",
      "album": "Progress",
      "track": "Siem Pang"
    },
    {
      "artist": "Supertramp",
      "album": "Breakfast In America",
      "track": "Rudy - Live At Wembley/1979"
    },
    {
      "artist": "Third Eye Blind",
      "album": "Third Eye Blind",
      "track": "Jumper - 1998 Edit"
    },
    {
      "artist": "The Byrds",
      "album": "Sweetheart Of The Rodeo",
      "track": "You Ain't Goin' Nowhere"
    },
    {
      "artist": "Natasha Bedingfield",
      "album": "Pocketful Of Sunshine",
      "track": "Pocketful of Sunshine"
    },
    {
      "artist": "Travis Scott",
      "album": "Birds In The Trap Sing McKnight",
      "track": "goosebumps"
    },
    {
      "artist": "Frankie Valli",
      "album": "Solo",
      "track": "Can't Take My Eyes off You"
    },
    {
      "artist": "Ween",
      "album": "Quebec",
      "track": "Zoloft"
    },
    {
      "artist": "Todd Rundgren",
      "album": "The Ever Popular Tortured Artist Effect",
      "track": "Influenza - 2015 Remaster"
    },
    {
      "artist": "Kali Uchis",
      "album": "Por Vida",
      "track": "Know What I Want"
    },
    {
      "artist": "Grover Washington, Jr.",
      "album": "Winelight",
      "track": "Just the Two of Us"
    },
    {
      "artist": "The Beatles",
      "album": "1",
      "track": "Get Back - Remastered 2015"
    },
    {
      "artist": "Weezer",
      "album": "Make Believe",
      "track": "Beverly Hills"
    },
    {
      "artist": "Post Malone",
      "album": "beerbongs & bentleys",
      "track": "Stay"
    },
    {
      "artist": "Soul Khan",
      "album": "Wellstone - EP",
      "track": "Wellstone (feat. Akie Bermiss)"
    },
    {
      "artist": "Cascada",
      "album": "Evacuate The Dancefloor",
      "track": "Evacuate the Dancefloor - Radio Edit"
    },
    {
      "artist": "Ivan Gough",
      "album": "In My Mind (feat. Georgi Kay)",
      "track": "In My Mind (feat. Georgi Kay) - Axwell Radio Edit"
    },
    {
      "artist": "Noisestorm",
      "album": "Crab Rave",
      "track": "Crab Rave"
    },
    {
      "artist": "Electric Light Orchestra",
      "album": "The Essential Electric Light Orchestra",
      "track": "Strange Magic"
    },
    {
      "artist": "Weezer",
      "album": "Weezer",
      "track": "Only In Dreams"
    },
    {
      "artist": "Jim Croce",
      "album": "You Don't Mess Around With Jim",
      "track": "Walkin' Back to Georgia"
    },
    {
      "artist": "Madvillain",
      "album": "Madvillainy",
      "track": "America's Most Blunted"
    },
    {
      "artist": "Sum 41",
      "album": "All Killer, No Filler",
      "track": "Handle This"
    },
    {
      "artist": "Gerard Way",
      "album": "Happy Together (feat. Ray Toro)",
      "track": "Happy Together (feat. Ray Toro)"
    },
    {
      "artist": "Inner Wave",
      "album": "III",
      "track": "American Spirits"
    },
    {
      "artist": "The Lumineers",
      "album": "III",
      "track": "Life In The City"
    },
    {
      "artist": "P!nk",
      "album": "The Truth About Love",
      "track": "Just Give Me a Reason (feat. Nate Ruess)"
    },
    {
      "artist": "Four Tops",
      "album": "50th Anniversary The Singles Collection 1964-1972",
      "track": "I Can't Help Myself (Sugar Pie, Honey Bunch) - Single Version (Mono)"
    },
    {
      "artist": "Social Club Misfits",
      "album": "The Misadventures Of Fern & Marty",
      "track": "Time 4 That"
    },
    {
      "artist": "Logic",
      "album": "Bobby Tarantino",
      "track": "Deeper Than Money"
    },
    {
      "artist": "Foreigner",
      "album": "4",
      "track": "Break It Up"
    },
    {
      "artist": "The Kooks",
      "album": "Junk Of The Heart",
      "track": "Mr. Nice Guy"
    },
    {
      "artist": "Sum 41",
      "album": "All Killer, No Filler",
      "track": "In Too Deep"
    },
    {
      "artist": "Madvillain",
      "album": "Madvillainy",
      "track": "Accordion"
    },
    {
      "artist": "Supertramp",
      "album": "Breakfast In America",
      "track": "Lord Is It Mine - 2010 Remastered"
    },
    {
      "artist": "Daniel Johnston",
      "album": "1990",
      "track": "True Love Will Find You In The End"
    },
    {
      "artist": "D12",
      "album": "D-12 World",
      "track": "My Band"
    },
    {
      "artist": "Everclear",
      "album": "Sparkle And Fade",
      "track": "Santa Monica"
    },
    {
      "artist": "Kendrick Lamar",
      "album": "good kid, m.A.A.d city",
      "track": "Money Trees"
    },
    {
      "artist": "Foals",
      "album": "Holy Fire",
      "track": "My Number"
    },
    {
      "artist": "DANGERDOOM",
      "album": "The Mouse and The Mask",
      "track": "Benzi Box (feat. CeeLo Green)"
    },
    {
      "artist": "Emancipator",
      "album": "Soon It Will Be Cold Enough",
      "track": "Soon It Will Be Cold Enough to Build Fires"
    },
    {
      "artist": "Tame Impala",
      "album": "The Slow Rush",
      "track": "One More Year"
    },
    {
      "artist": "Night Bass",
      "album": "One Hundred",
      "track": "Kush"
    },
    {
      "artist": "Phantom Planet",
      "album": "The Guest",
      "track": "California - Tchad Blake Mix"
    },
    {
      "artist": "Caamp",
      "album": "Caamp",
      "track": "All the Debts I Owe"
    },
    {
      "artist": "Willie Nelson",
      "album": "Shotgun Willie",
      "track": "Shotgun Willie"
    },
    {
      "artist": "Marky Mark And The Funky Bunch",
      "album": "Music For The People",
      "track": "Good Vibrations"
    },
    {
      "artist": "The Kinks",
      "album": "Face to Face",
      "track": "Sunny Afternoon - Mono Mix"
    },
    {
      "artist": "Louis Prima",
      "album": "Jump, Jive An' Wail: The Essential",
      "track": "That Old Black Magic - Remastered"
    },
    {
      "artist": "ayokay",
      "album": "Kings of Summer",
      "track": "Kings of Summer"
    },
    {
      "artist": "Madvillain",
      "album": "Madvillainy",
      "track": "Bistro"
    },
    {
      "artist": "Led Zeppelin",
      "album": "Led Zeppelin",
      "track": "Dazed and Confused - Remaster"
    },
    {
      "artist": "Dire Straits",
      "album": "Brothers in Arms",
      "track": "Walk of Life"
    },
    {
      "artist": "The Voidz",
      "album": "The Eternal Tao",
      "track": "The Eternal Tao"
    },
    {
      "artist": "Supertramp",
      "album": "Breakfast In America",
      "track": "Another Man's Woman - Live At Pavillon de Paris/1979"
    },
    {
      "artist": "Louis Armstrong",
      "album": "What A Wonderful World",
      "track": "What A Wonderful World - Single Version"
    },
    {
      "artist": "Gary Wright",
      "album": "The Dream Weaver",
      "track": "Dream Weaver"
    },
    {
      "artist": "The Beatles",
      "album": "1",
      "track": "Ticket To Ride - Remastered 2015"
    },
    {
      "artist": "Polo & Pan",
      "album": "Caravelle",
      "track": "Nanã"
    },
    {
      "artist": "Kurt Vile",
      "album": "b'lieve i'm goin down...",
      "track": "Pretty Pimpin"
    },
    {
      "artist": "Dylan Sitts",
      "album": "Swimmingly",
      "track": "Excursion"
    },
    {
      "artist": "Inner Wave",
      "album": "Sun Transmission",
      "track": "1 4 2"
    },
    {
      "artist": "Kurt Vile",
      "album": "Wakin On A Pretty Daze",
      "track": "Wakin on a Pretty Day"
    },
    {
      "artist": "Madvillain",
      "album": "Madvillainy",
      "track": "Meat Grinder"
    },
    {
      "artist": "Creedence Clearwater Revival",
      "album": "Pendulum",
      "track": "Have You Ever Seen The Rain?"
    },
    {
      "artist": "Swedish House Mafia",
      "album": "Until Now",
      "track": "Greyhound"
    },
    {
      "artist": "Johnny Cash",
      "album": "I Walk the Line (Original Soundtrack Recording)",
      "track": "I Walk the Line"
    },
    {
      "artist": "The East Flatbush Project",
      "album": "TRUE UNDERGROUND HIP HOP 2",
      "track": "Tried By 12"
    },
    {
      "artist": "TV Girl",
      "album": "Who Really Cares",
      "track": "Taking What's Not Yours"
    },
    {
      "artist": "The Notorious B.I.G.",
      "album": "Life After Death",
      "track": "Hypnotize"
    },
    {
      "artist": "Madvillain",
      "album": "Madvillainy",
      "track": "Fancy Clown"
    },
    {
      "artist": "The Beatles",
      "album": "1",
      "track": "I Feel Fine - Remastered 2015"
    },
    {
      "artist": "Gary Glitter",
      "album": "The Replacements",
      "track": "Rock And Roll Part II"
    },
    {
      "artist": "John Lennon",
      "album": "Imagine",
      "track": "Jealous Guy - Remastered 2010"
    },
    {
      "artist": "311",
      "album": "311",
      "track": "Purpose"
    },
    {
      "artist": "Supertramp",
      "album": "Breakfast In America",
      "track": "Breakfast In America - Live At Wembley/1979"
    },
    {
      "artist": "Smash Mouth",
      "album": "Astro Lounge",
      "track": "All Star"
    },
    {
      "artist": "The Vaselines",
      "album": "V For Vaselines",
      "track": "One Lost Year"
    },
    {
      "artist": "Madvillain",
      "album": "Madvillainy",
      "track": "Do Not Fire!"
    },
    {
      "artist": "My Morning Jacket",
      "album": "Z",
      "track": "Wordless Chorus"
    },
    {
      "artist": "The Kooks",
      "album": "Inside In / Inside Out",
      "track": "Ooh La"
    },
    {
      "artist": "Young Thug",
      "album": "JEFFERY",
      "track": "Wyclef Jean"
    },
    {
      "artist": "Led Zeppelin",
      "album": "Led Zeppelin IV",
      "track": "Misty Mountain Hop - Remaster"
    },
    {
      "artist": "Nirvana",
      "album": "In Utero - 20th Anniversary - Deluxe Edition",
      "track": "Heart-Shaped Box"
    },
    {
      "artist": "Caamp",
      "album": "By and By",
      "track": "By and By"
    },
    {
      "artist": "Polo & Pan",
      "album": "Plage isolée",
      "track": "Plage isolée (Soleil couchant)"
    },
    {
      "artist": "50 Cent",
      "album": "Get Rich Or Die Tryin' / The Massacre",
      "track": "Patiently Waiting"
    },
    {
      "artist": "Death Cab for Cutie",
      "album": "Plans",
      "track": "Soul Meets Body"
    },
    {
      "artist": "Rob Viktum",
      "album": "Progress 2",
      "track": "4/17/1975"
    },
    {
      "artist": "Post Malone",
      "album": "Hollywood's Bleeding",
      "track": "Goodbyes (feat. Young Thug)"
    },
    {
      "artist": "Cutting Crew",
      "album": "Broadcast",
      "track": "(I Just) Died In Your Arms"
    },
    {
      "artist": "Dire Straits",
      "album": "On The Night",
      "track": "Your Latest Trick - Live Version"
    },
    {
      "artist": "Gorillaz",
      "album": "Demon Days",
      "track": "Last Living Souls"
    },
    {
      "artist": "Elohim",
      "album": "Hallucinating",
      "track": "Hallucinating"
    },
    {
      "artist": "IHF",
      "album": "Awake",
      "track": "Awake"
    },
    {
      "artist": "RATKING",
      "album": "So It Goes",
      "track": "So Sick Stories"
    },
    {
      "artist": "Supertramp",
      "album": "Breakfast In America",
      "track": "Take The Long Way Home - 2010 Remastered"
    },
    {
      "artist": "Elton John",
      "album": "Don't Shoot Me I'm Only The Piano Player",
      "track": "Daniel"
    },
    {
      "artist": "The Beatles",
      "album": "1",
      "track": "Hello, Goodbye - Remastered 2015"
    },
    {
      "artist": "Tame Impala",
      "album": "Lonerism",
      "track": "Feels Like We Only Go Backwards"
    },
    {
      "artist": "The Movement",
      "album": "Set Sail",
      "track": "Set Sail"
    },
    {
      "artist": "311",
      "album": "Greatest Hits '93 - '03",
      "track": "Come Original"
    },
    {
      "artist": "Gorillaz",
      "album": "Demon Days",
      "track": "White Light"
    },
    {
      "artist": "Eminem",
      "album": "The Eminem Show",
      "track": "Without Me"
    },
    {
      "artist": "Jerry Folk",
      "album": "Take Three",
      "track": "Take Three"
    },
    {
      "artist": "The Beatles",
      "album": "1",
      "track": "Can't Buy Me Love - Remastered 2015"
    },
    {
      "artist": "The Busy Twist",
      "album": "Friday Night EP",
      "track": "Friday Night"
    },
    {
      "artist": "The Beatles",
      "album": "1",
      "track": "Help! - Remastered 2015"
    },
    {
      "artist": "Supertramp",
      "album": "Breakfast In America",
      "track": "Gone Hollywood - 2010 Remastered"
    },
    {
      "artist": "MF DOOM",
      "album": "Operation: Doomsday (Complete)",
      "track": "Doomsday"
    },
    {
      "artist": "Dion",
      "album": "Born to Be With You / Streetheart",
      "track": "Only You Know"
    },
    {
      "artist": "Sister Nancy",
      "album": "One Two",
      "track": "Bam Bam"
    },
    {
      "artist": "Disclosure",
      "album": "Ecstasy",
      "track": "Tondo"
    },
    {
      "artist": "Red Hot Chili Peppers",
      "album": "Mother's Milk",
      "track": "Higher Ground - Remastered"
    },
    {
      "artist": "Darude",
      "album": "Before The Storm",
      "track": "Sandstorm - Radio Edit"
    },
    {
      "artist": "The Beatles",
      "album": "1",
      "track": "Hey Jude - Remastered 2015"
    },
    {
      "artist": "Ty Segall",
      "album": "Freedom's Goblin",
      "track": "My Lady's On Fire"
    },
    {
      "artist": "Milky Chance",
      "album": "Sadnecessary",
      "track": "Down By The River"
    },
    {
      "artist": "Catfish and the Bottlemen",
      "album": "The Balcony",
      "track": "Cocoon"
    },
    {
      "artist": "Supertramp",
      "album": "Breakfast In America",
      "track": "Goodbye Stranger - 2010 Remastered"
    },
    {
      "artist": "Radical Face",
      "album": "Ghost",
      "track": "Welcome Home, Son"
    },
    {
      "artist": "Eric Clapton",
      "album": "Eric Clapton's Rainbow Concert",
      "track": "Layla"
    },
    {
      "artist": "Supertramp",
      "album": "Breakfast In America",
      "track": "Casual Conversations - 2010 Remastered"
    },
    {
      "artist": "RJD2",
      "album": "Since We Last Spoke: Deluxe",
      "track": "1976"
    },
    {
      "artist": "Tame Impala",
      "album": "Mind Mischief",
      "track": "Mind Mischief"
    },
    {
      "artist": "Dropkick Murphys",
      "album": "SIGNED and SEALED in BLOOD",
      "track": "Rose Tattoo"
    },
    {
      "artist": "Madvillain",
      "album": "Madvillainy",
      "track": "Money Folder"
    },
    {
      "artist": "DJ Cam Quartet",
      "album": "Rebirth of Cool",
      "track": "Rebirth of Cool"
    },
    {
      "artist": "Willie Nelson",
      "album": "Stardust",
      "track": "Stardust"
    },
    {
      "artist": "Supertramp",
      "album": "Breakfast In America",
      "track": "Child Of Vision - 2010 Remastered"
    },
    {
      "artist": "RJD2",
      "album": "More Is Than Isn't",
      "track": "Milk Tooth"
    },
    {
      "artist": "The Head and the Heart",
      "album": "The Head and the Heart",
      "track": "Down in the Valley"
    },
    {
      "artist": "DJ Jazzy Jeff & The Fresh Prince",
      "album": "He's The DJ, I'm The Rapper",
      "track": "Time to Chill"
    },
    {
      "artist": "Bruce Springsteen",
      "album": "The Wild, the Innocent & The E Street Shuffle",
      "track": "Rosalita (Come Out Tonight)"
    },
    {
      "artist": "Russ",
      "album": "What They Want",
      "track": "What They Want"
    },
    {
      "artist": "Rae Sremmurd",
      "album": "SremmLife",
      "track": "This Could Be Us"
    },
    {
      "artist": "KUSO GVKI",
      "album": "Kuso Gvki",
      "track": "Cinnamon"
    },
    {
      "artist": "Madvillain",
      "album": "Madvillainy",
      "track": "Operation Lifesaver aka Mint Test"
    },
    {
      "artist": "The Strokes",
      "album": "Is This It",
      "track": "Last Nite"
    },
    {
      "artist": "Gorillaz",
      "album": "Demon Days",
      "track": "All Alone"
    },
    {
      "artist": "Slint",
      "album": "Tweez",
      "track": "Darlene"
    },
    {
      "artist": "Buffalo Springfield",
      "album": "Buffalo Springfield",
      "track": "Hot Dusty Roads"
    },
    {
      "artist": "Ween",
      "album": "Shinola (Vol. 1)",
      "track": "Boys Club"
    },
    {
      "artist": "Dr. Dog",
      "album": "Abandoned Mansion",
      "track": "Abandoned Mansion"
    },
    {
      "artist": "That Handsome Devil",
      "album": "Drugs & Guns for Everyone",
      "track": "The Face for It"
    },
    {
      "artist": "Led Zeppelin",
      "album": "Presence",
      "track": "Hots on for Nowhere - Remaster"
    },
    {
      "artist": "Supertramp",
      "album": "Breakfast In America",
      "track": "Downstream - Live At Pavillon de Paris/1979"
    }
  ],
  "albums": [
    {
      "artist": "Milky Chance",
      "album": "Sadnecessary"
    },
    {
      "artist": "Madvillain",
      "album": "Madvillainy"
    },
    {
      "artist": "The Beatles",
      "album": "1"
    },
    {
      "artist": "Jeff Beck",
      "album": "Wired"
    },
    {
      "artist": "Twiddle",
      "album": "Somewhere On the Mountain"
    }
  ],
  "shows": [
    {
      "name": "Anything Goes with Emma Chamberlain",
      "publisher": "Emma Chamberlain and Ramble"
    },
    {
      "name": "ChooseFI | Financial Independence Podcast",
      "publisher": "Jonathan Mendonsa & Brad Barrett | Choose FI"
    },
    {
      "name": "Craving M.O.R.E. ",
      "publisher": "A CrossFit Crave Production "
    },
    {
      "name": "Dan Carlin's Hardcore History",
      "publisher": "Dan Carlin"
    },
    {
      "name": "Kromer at the End of the Table",
      "publisher": "Michael Kromer"
    },
    {
      "name": "Lex Fridman Podcast",
      "publisher": "Lex Fridman"
    },
    {
      "name": "Myths and Legends",
      "publisher": "Jason Weiser, Carissa Weiser / Bardic"
    },
    {
      "name": "Naval",
      "publisher": "Naval"
    },
    {
      "name": "New Perceptions with Ben Brown",
      "publisher": "Ben Brown"
    },
    {
      "name": "REAL AF with Andy Frisella",
      "publisher": "Andy Frisella"
    },
    {
      "name": "The Joe Rogan Experience",
      "publisher": "Joe Rogan"
    },
    {
      "name": "The School of Greatness",
      "publisher": "Lewis Howes"
    },
    {
      "name": "The TrainingBeta Podcast",
      "publisher": "Neely Quinn: Rock Climber, Nutritionist"
    }
  ],
  "episodes": [
  ],
  "bannedTracks": [
  ],
  "other": [
  ]
}
